iter	Logloss
0	0.5542799337
1	0.4854988562
2	0.430820698
3	0.3557275834
4	0.3270893769
5	0.2783388996
